Sample,chromosome,positive_breakpoint,negative_breakpoint,positive_support,negative_support,Gene,Orientation
M14-TPDR-16_3,1,72655654,72655684,294,206,NEGR1,-
M14-TPDR-22_3,11,47608966,47609048,6,7,FAM180B,+
M14-TPDR-22_3,2,35375036,35375120,7,3,AC012593.1,-
M14-TPDR-22_3,2,168509015,168509051,12,13,-,+
M14-TPDR-22_3,2,226671037,226671117,28,19,-,-
M14-TPDR-22_3,20,3372499,3372532,51,63,C20orf194,+
M14-TPDR-22_3,5,64862892,64862924,96,67,PPWD1,-
M14-TPDR-22_3,9,22159076,22159111,64,93,-,+
M14-TPDR-22_3,1,42308988,42309088,3,0,HIVEP3,-
M14-TPDR-22_3,11,6959167,6959267,10,0,ZNF215,-
M14-TPDR-22_3,11,28608155,28608255,5,0,-,-
M14-TPDR-22_3,11,87883141,87883241,3,0,RAB38,+
M14-TPDR-22_3,12,105540015,105540115,3,0,KIAA1033,+
M14-TPDR-22_3,15,45005928,45006028,11,0,B2M,-
M14-TPDR-22_3,2,193012359,193012459,2,0,TMEFF2,-
M14-TPDR-22_3,2,202291761,202291861,2,0,TRAK2,+
M14-TPDR-22_3,2,202291761,202291861,2,0,STRADB,+
M14-TPDR-22_3,3,64329459,64329559,10,0,-,+
M14-TPDR-22_3,3,71741349,71741449,2,0,EIF4E3,+
M14-TPDR-22_3,6,138988856,138988956,7,0,NHSL1,+
M14-TPDR-22_3,7,128982880,128982980,2,0,AHCYL2,-
M14-TPDR-22_3,7,132769861,132769961,3,0,-,-
M14-TPDR-22_3,8,127851097,127851197,12,0,-,-
M14-TPDR-22_3,9,68460435,68460535,5,0,-,-
M14-TPDR-22_3,9,69060012,69060112,8,0,-,+
M14-TPDR-22_3,X,5681856,5681956,12,0,-,-
M14-TPDR-22_3,1,42309522,42309622,0,2,HIVEP3,-
M14-TPDR-22_3,1,114697605,114697705,0,2,-,-
M14-TPDR-22_3,1,213011394,213011494,0,4,C1orf227,-
M14-TPDR-22_3,11,6959177,6959277,0,7,ZNF215,-
M14-TPDR-22_3,15,45005972,45006072,0,3,B2M,-
M14-TPDR-22_3,15,45006226,45006326,0,11,B2M,-
M14-TPDR-22_3,17,13019553,13019653,0,5,-,+
M14-TPDR-22_3,2,194681802,194681902,0,33,-,+
M14-TPDR-22_3,2,202291878,202291978,0,2,TRAK2,+
M14-TPDR-22_3,2,202291878,202291978,0,2,STRADB,+
M14-TPDR-22_3,20,29606484,29606584,0,15,-,+
M14-TPDR-22_3,21,46806927,46807027,0,2,-,-
M14-TPDR-22_3,3,64329649,64329749,0,5,-,+
M14-TPDR-22_3,6,138988867,138988967,0,6,NHSL1,+
M14-TPDR-22_3,8,127851123,127851223,0,19,-,-
M14-TPDR-22_3,X,138492649,138492749,0,2,-,+
M14-TPDR-29_3,1,80165056,80165096,160,121,-,-
M14-TPDR-29_3,13,74428131,74428162,198,113,KLF12,-
M14-TPDR-29_3,18,39312603,39312650,45,35,-,-
M14-TPDR-29_3,10,54178865,54178965,5,0,-,-
M14-TPDR-29_3,16,79796514,79796614,2,0,-,-
M14-TPDR-29_3,16,79796938,79797038,4,0,-,-
M14-TPDR-29_3,2,47106085,47106185,0,4,-,-
M14-TPDR-29_3,3,148699626,148699726,0,2,-,+
M14-TPDR-33_3,20,19523588,19523646,50,72,SLC24A3,+
M14-TPDR-33_3,3,156791749,156791792,80,100,-,+
M14-TPDR-33_3,3,197439161,197439213,5,8,KIAA0226,-
M14-TPDR-33_3,4,54659759,54659831,42,37,FIP1L1,-
M14-TPDR-33_3,4,54659759,54659831,42,37,AC105384.1,-
M14-TPDR-33_3,5,149531739,149531796,15,16,PDGFRB,-
M14-TPDR-33_3,5,149531739,149531796,15,16,AC005895.3,-
M14-TPDR-33_3,8,43198120,43198165,25,37,POTEA,+
M14-TPDR-33_3,12,128113862,128113962,45,0,-,-
M14-TPDR-33_3,12,128244107,128244207,3,0,-,-
M14-TPDR-33_3,17,13324004,13324104,3,0,-,-
M14-TPDR-33_3,3,78937837,78937937,2,0,ROBO1,-
M14-TPDR-33_3,3,93528219,93528319,3,0,-,-
M14-TPDR-33_3,6,170964479,170964579,6,0,-,+
M14-TPDR-33_3,6,170964833,170964933,15,0,-,+
M14-TPDR-33_3,9,31725410,31725510,5,0,-,-
M14-TPDR-33_3,11,119240156,119240256,0,3,USP2,+
M14-TPDR-33_3,12,128244110,128244210,0,46,-,-
M14-TPDR-33_3,6,170965181,170965281,0,3,-,+
M14-TPDR-33_3,9,22349497,22349597,0,2,-,-
M14-TPDR-39_3,1,152009577,152009667,5,3,AL591893.1,-
M14-TPDR-39_3,1,152009577,152009667,5,3,S100A11,-
M14-TPDR-39_3,1,167055021,167055058,156,208,GPA33,+
M14-TPDR-39_3,11,16360567,16360597,250,161,SOX6,-
M14-TPDR-39_3,15,60677424,60677463,239,175,ANXA2,-
M14-TPDR-39_3,18,1686343,1686440,13,10,-,-
M14-TPDR-39_3,2,235705232,235705264,181,224,-,+
M14-TPDR-39_3,10,33237288,33237388,11,0,ITGB1,+
M14-TPDR-39_3,10,33237361,33237461,0,13,ITGB1,+
M14-TPDR-39_3,12,29863123,29863223,0,2,TMTC1,+
M14-TPDR-39_3,15,41886164,41886264,0,2,-,-
M14-TPDR-39_3,9,3908851,3908951,0,2,GLIS3,+
M14-TPDR-40_3,2,117886582,117886650,7,16,-,-
M14-TPDR-40_3,8,39948702,39948738,181,194,-,-
M14-TPDR-40_3,9,85783396,85783491,7,11,-,+
M14-TPDR-40_3,12,34854708,34854808,2,0,-,-
M14-TPDR-40_3,13,30969155,30969255,2,0,-,-
M14-TPDR-40_3,2,62991961,62992061,5,0,EHBP1,-
M14-TPDR-40_3,3,69144077,69144177,5,0,ARL6IP5,+
M14-TPDR-40_3,3,79130184,79130284,7,0,ROBO1,-
M14-TPDR-40_3,3,98699382,98699482,3,0,CTD-2021J15.1,-
M14-TPDR-40_3,3,98699382,98699482,3,0,CTD-2021J15.2,-
M14-TPDR-40_3,3,102847535,102847635,7,0,-,+
M14-TPDR-40_3,3,151259571,151259671,7,0,-,-
M14-TPDR-40_3,4,154075170,154075270,2,0,AC093599.1,-
M14-TPDR-40_3,4,154075170,154075270,2,0,TRIM2,-
M14-TPDR-40_3,5,43041605,43041705,2,0,CTD-2201E18.3,-
M14-TPDR-40_3,5,43041605,43041705,2,0,C5orf39,-
M14-TPDR-40_3,5,43041605,43041705,2,0,AC025171.1,-
M14-TPDR-40_3,2,62992168,62992268,0,3,EHBP1,-
M14-TPDR-40_3,2,145208974,145209074,0,2,ZEB2,-
M14-TPDR-40_3,2,145208974,145209074,0,2,AC009951.2,-
M14-TPDR-40_3,6,110765262,110765362,0,4,SLC22A16,-
M14-TPDR-43_3,1,236270480,236270558,44,65,-,+
M14-TPDR-43_3,2,70141182,70141230,40,24,MXD1,-
M14-TPDR-43_3,22,36880829,36880897,35,23,-,-
M14-TPDR-43_3,6,96153163,96153203,58,54,-,-
M14-TPDR-43_3,7,113398287,113398371,50,58,-,+
M14-TPDR-43_3,1,182809853,182809953,3,0,DHX9,+
M14-TPDR-43_3,14,69094919,69095019,3,0,RAD51L1,-
M14-TPDR-43_3,2,158014165,158014265,2,0,-,-
M14-TPDR-43_3,3,33704235,33704335,8,0,CLASP2,+
M14-TPDR-43_3,4,184200574,184200674,3,0,WWC2,-
M14-TPDR-43_3,5,94982634,94982734,2,0,RFESD,-
M14-TPDR-43_3,6,91154646,91154746,2,0,-,+
M14-TPDR-43_3,8,72841830,72841930,2,0,RP11-383H13.1,+
M14-TPDR-43_3,1,182809953,182810053,0,4,DHX9,+
M14-TPDR-43_3,2,158027991,158028091,0,7,-,-
M14-TPDR-43_3,3,33704361,33704461,0,6,CLASP2,+
M14-TPDR-43_3,6,91154930,91155030,0,6,-,+
M14-TPDR-43_3,8,72842084,72842184,0,2,RP11-383H13.1,+
M14-TPDR-55_3,3,135724484,135724520,252,165,PPP2R3A,-
M14-TPDR-58_3,1,159438485,159438536,23,15,RP11-550P17.5,-
M14-TPDR-58_3,1,159438485,159438536,23,15,RP11-180D21.3,-
M14-TPDR-58_3,1,200375621,200375678,25,18,ZNF281,-
M14-TPDR-58_3,1,237881868,237881930,6,7,RYR2,+
M14-TPDR-58_3,10,100279435,100279479,25,21,HPSE2,-
M14-TPDR-58_3,16,34660488,34660524,79,80,-,-
M14-TPDR-58_3,7,15727940,15727998,5,16,AC005550.4,-
M14-TPDR-58_3,7,15727940,15727998,5,16,AC005550.5,-
M14-TPDR-58_3,7,51741951,51742031,30,13,-,-
M14-TPDR-58_3,7,111690335,111690393,40,26,DOCK4,-
M14-TPDR-58_3,1,70838142,70838242,12,0,HHLA3,-
M14-TPDR-58_3,1,164322718,164322818,2,0,-,-
M14-TPDR-58_3,1,169336485,169336585,7,0,NME7,+
M14-TPDR-58_3,1,169336485,169336585,7,0,BLZF1,+
M14-TPDR-58_3,10,19045664,19045764,5,0,-,-
M14-TPDR-58_3,11,43669521,43669621,3,0,HSD17B12,-
M14-TPDR-58_3,12,10556212,10556312,2,0,-,+
M14-TPDR-58_3,12,14659233,14659333,2,0,PLBD1,-
M14-TPDR-58_3,12,110720413,110720513,4,0,ATP2A2,-
M14-TPDR-58_3,13,113674572,113674672,2,0,MCF2L,-
M14-TPDR-58_3,17,78764192,78764292,2,0,AC027601.1,-
M14-TPDR-58_3,17,78764192,78764292,2,0,RPTOR,-
M14-TPDR-58_3,2,63706706,63706806,3,0,C2orf86,+
M14-TPDR-58_3,2,175889380,175889480,2,0,-,-
M14-TPDR-58_3,2,219685155,219685255,11,0,-,-
M14-TPDR-58_3,3,135724155,135724255,2,0,PPP2R3A,-
M14-TPDR-58_3,5,16081356,16081456,2,0,Mar-11,+
M14-TPDR-58_3,5,65228659,65228759,2,0,ERBB2IP,-
M14-TPDR-58_3,5,99096756,99096856,2,0,-,-
M14-TPDR-58_3,5,108167486,108167586,14,0,FER,+
M14-TPDR-58_3,5,108167486,108167586,14,0,CTD-2197I11.1,+
M14-TPDR-58_3,7,110415677,110415777,13,0,IMMP2L,-
M14-TPDR-58_3,X,134538973,134539073,3,0,-,-
M14-TPDR-58_3,1,163382935,163383035,0,5,-,+
M14-TPDR-58_3,1,169336524,169336624,0,9,NME7,+
M14-TPDR-58_3,1,169336524,169336624,0,9,BLZF1,+
M14-TPDR-58_3,17,33797771,33797871,0,2,-,-
M14-TPDR-58_3,2,63706903,63707003,0,5,C2orf86,+
M14-TPDR-58_3,2,139594784,139594884,0,7,-,-
M14-TPDR-58_3,2,219685168,219685268,0,11,-,-
M14-TPDR-58_3,5,108167524,108167624,0,19,FER,+
M14-TPDR-67_3,14,74254912,74254967,237,177,C14orf43,-
M14-TPDR-67_3,18,21442157,21442188,17,23,LAMA3,+
M14-TPDR-67_3,3,125055842,125055917,6,6,ZNF148,+
M14-TPDR-67_3,1,91471297,91471397,6,0,ZNF644,-
M14-TPDR-67_3,15,81544679,81544779,2,0,IL16,+
M14-TPDR-67_3,2,65918258,65918358,5,0,AC074391.1,+
M14-TPDR-67_3,5,43740672,43740772,2,0,-,+
M14-TPDR-67_3,15,81544688,81544788,0,5,IL16,+
M14-TPDR-67_3,2,65918279,65918379,0,7,AC074391.1,+
M14-TPDR-73_3,11,10371101,10371128,72,56,AMPD3,+
M14-TPDR-73_3,11,33712520,33712598,84,104,RP4-541C22.5,+
M14-TPDR-73_3,12,62432061,62432090,93,62,-,-
M14-TPDR-73_3,13,40118953,40119026,99,48,LHFP,-
M14-TPDR-73_3,13,95924030,95924061,105,83,ABCC4,-
M14-TPDR-73_3,14,64008168,64008252,16,33,PPP2R5E,+
M14-TPDR-73_3,20,48392892,48392932,78,66,-,-
M14-TPDR-73_3,21,47647676,47647707,94,67,LSS,-
M14-TPDR-73_3,3,72279362,72279403,87,92,RP11-398A8.3,-
M14-TPDR-73_3,3,72928452,72928481,90,124,AC114876.1,+
M14-TPDR-73_3,1,66807144,66807244,2,0,PDE4B,+
M14-TPDR-73_3,1,66807526,66807626,9,0,PDE4B,+
M14-TPDR-73_3,11,10330159,10330259,2,0,AMPD3,+
M14-TPDR-73_3,11,83156833,83156933,20,0,-,+
M14-TPDR-73_3,12,9265619,9265719,34,0,A2M,-
M14-TPDR-73_3,13,57296691,57296791,39,0,-,-
M14-TPDR-73_3,16,7852992,7853092,60,0,-,-
M14-TPDR-73_3,6,170947855,170947955,4,0,RP1-191N21.4,-
M14-TPDR-73_3,8,69014748,69014848,19,0,PREX2,-
M14-TPDR-73_3,1,66807554,66807654,0,11,PDE4B,+
M14-TPDR-73_3,10,60350276,60350376,0,2,BICC1,+
M14-TPDR-73_3,11,10399400,10399500,0,30,AMPD3,+
M14-TPDR-73_3,11,83156891,83156991,0,7,-,+
M14-TPDR-73_3,12,16423287,16423387,0,23,SLC15A5,-
M14-TPDR-73_3,16,9366069,9366169,0,47,-,-
M14-TPDR-73_3,2,39317948,39318048,0,4,SOS1,+
M14-TPDR-73_3,3,68362493,68362593,0,4,FAM19A1,+
M14-TPDR-73_3,6,67639062,67639162,0,2,-,+
M14-TPDR-73_3,X,108780797,108780897,0,2,NXT2,+
M14-TPDR-74_3,14,87739508,87739543,252,163,-,-
M14-TPDR-82_3,7,8887409,8887428,186,230,-,+
M14-TPDR-87_3,1,156602259,156602288,103,121,-,-
M14-TPDR-87_3,10,24181470,24181501,170,233,KIAA1217,+
M14-TPDR-87_3,12,31644961,31644995,74,54,DENND5B,+
M14-TPDR-87_3,17,59771421,59771456,228,250,BRIP1,+
M14-TPDR-87_3,18,30686688,30686717,155,175,C18orf34,+
M14-TPDR-87_3,20,10495175,10495209,193,272,C20orf94,+
M14-TPDR-87_3,6,142699527,142699560,177,239,GPR126,+
M14-TPDR-87_3,7,130644345,130644409,39,40,AC058791.2,+
M14-TPDR-87_3,7,140249430,140249461,25,38,DENND2A,+
M14-TPDR-87_3,9,3908697,3908763,157,250,GLIS3,+
M14-TPDR-87_3,1,150041200,150041300,3,0,VPS45,+
M14-TPDR-87_3,13,108054740,108054840,2,0,FAM155A,-
M14-TPDR-87_3,3,195926192,195926292,2,0,ZDHHC19,+
M14-TPDR-87_3,4,149070944,149071044,6,0,NR3C2,-
M14-TPDR-87_3,4,149070944,149071044,6,0,RP11-76G10.1,-
M14-TPDR-87_3,5,114168131,114168231,3,0,-,-
M14-TPDR-87_3,9,101670933,101671033,2,0,-,+
M14-TPDR-87_3,1,150041476,150041576,0,3,VPS45,+
M14-TPDR-87_3,12,12400676,12400776,0,2,LRP6,-
M14-TPDR-87_3,9,97614936,97615036,0,5,C9orf3,-
M14-TPDR-p1C_3,12,41300780,41300866,2,3,-,+
M14-TPDR-p1C_3,1,56147490,56147590,2,0,RP11-466L17.1,-
M14-TPDR-p1C_3,1,107041238,107041338,2,0,-,-
M14-TPDR-p1C_3,1,145031527,145031627,2,0,PDE4DIP,+
M14-TPDR-p1C_3,1,169349857,169349957,3,0,BLZF1,-
M14-TPDR-p1C_3,1,217761670,217761770,2,0,GPATCH2,-
M14-TPDR-p1C_3,1,224020747,224020847,2,0,TP53BP2,-
M14-TPDR-p1C_3,10,17165522,17165622,2,0,CUBN,+
M14-TPDR-p1C_3,11,68605807,68605907,3,0,CPT1A,+
M14-TPDR-p1C_3,11,85526287,85526387,2,0,-,-
M14-TPDR-p1C_3,12,76119332,76119432,3,0,-,-
M14-TPDR-p1C_3,12,104221182,104221282,2,0,NT5DC3,+
M14-TPDR-p1C_3,12,104740097,104740197,2,0,TXNRD1,-
M14-TPDR-p1C_3,13,45797536,45797636,4,0,GTF2F2,-
M14-TPDR-p1C_3,13,113411655,113411755,3,0,ATP11A,-
M14-TPDR-p1C_3,13,114488451,114488551,3,0,FAM70B,-
M14-TPDR-p1C_3,14,37418772,37418872,3,0,SLC25A21,+
M14-TPDR-p1C_3,14,73602604,73602704,2,0,PSEN1,-
M14-TPDR-p1C_3,17,6671912,6672012,2,0,XAF1,+
M14-TPDR-p1C_3,17,10618138,10618238,4,0,TMEM220,-
M14-TPDR-p1C_3,17,51152667,51152767,5,0,-,-
M14-TPDR-p1C_3,18,22811759,22811859,2,0,ZNF521,-
M14-TPDR-p1C_3,18,67056101,67056201,2,0,-,+
M14-TPDR-p1C_3,19,32897425,32897525,2,0,AC007773.1,-
M14-TPDR-p1C_3,19,32897425,32897525,2,0,DPY19L3,-
M14-TPDR-p1C_3,19,33182301,33182401,2,0,NUDT19,+
M14-TPDR-p1C_3,2,37940911,37941011,3,0,CDC42EP3,-
M14-TPDR-p1C_3,2,42397171,42397271,2,0,AC083949.1,+
M14-TPDR-p1C_3,2,42397171,42397271,2,0,EML4,+
M14-TPDR-p1C_3,2,159409769,159409869,2,0,PKP4,-
M14-TPDR-p1C_3,2,231647191,231647291,3,0,CAB39,+
M14-TPDR-p1C_3,22,20120146,20120246,2,0,ZDHHC8,-
M14-TPDR-p1C_3,22,35795571,35795671,2,0,MCM5,+
M14-TPDR-p1C_3,22,35795571,35795671,2,0,CTA-286B10.7,+
M14-TPDR-p1C_3,22,50744740,50744840,2,0,PLXNB2,-
M14-TPDR-p1C_3,3,18234596,18234696,2,0,TBC1D5,-
M14-TPDR-p1C_3,3,18234596,18234696,2,0,AC099543.1,-
M14-TPDR-p1C_3,3,71178334,71178434,2,0,FOXP1,+
M14-TPDR-p1C_3,3,132209823,132209923,2,0,DNAJC13,+
M14-TPDR-p1C_3,3,167454373,167454473,2,0,SERPINI1,+
M14-TPDR-p1C_3,3,169718258,169718358,2,0,-,-
M14-TPDR-p1C_3,3,172103856,172103956,2,0,FNDC3B,-
M14-TPDR-p1C_3,3,185820587,185820687,3,0,ETV5,-
M14-TPDR-p1C_3,4,85888531,85888631,2,0,WDFY3,-
M14-TPDR-p1C_3,4,85888531,85888631,2,0,NCRNA00247,-
M14-TPDR-p1C_3,4,181851971,181852071,2,0,-,-
M14-TPDR-p1C_3,5,9265590,9265690,2,0,SEMA5A,-
M14-TPDR-p1C_3,5,9649322,9649422,2,0,CTD-2143L24.1,-
M14-TPDR-p1C_3,5,60456848,60456948,2,0,C5orf43,-
M14-TPDR-p1C_3,5,60456848,60456948,2,0,CTC-436P18.1,-
M14-TPDR-p1C_3,5,102176909,102177009,2,0,PAM,-
M14-TPDR-p1C_3,6,41353012,41353112,2,0,-,-
M14-TPDR-p1C_3,6,47713153,47713253,2,0,-,+
M14-TPDR-p1C_3,6,86109820,86109920,2,0,-,-
M14-TPDR-p1C_3,6,130428695,130428795,3,0,L3MBTL3,-
M14-TPDR-p1C_3,7,16798942,16799042,3,0,TSPAN13,+
M14-TPDR-p1C_3,7,19122920,19123020,2,0,TWIST1,+
M14-TPDR-p1C_3,7,56126439,56126539,3,0,CCT6A,-
M14-TPDR-p1C_3,7,90350006,90350106,2,0,CDK14,-
M14-TPDR-p1C_3,7,95667168,95667268,2,0,DYNC1I1,+
M14-TPDR-p1C_3,7,121795043,121795143,4,0,-,-
M14-TPDR-p1C_3,7,140626282,140626382,2,0,-,+
M14-TPDR-p1C_3,7,149179827,149179927,2,0,ZNF746,+
M14-TPDR-p1C_3,7,153941725,153941825,3,0,DPP6,-
M14-TPDR-p1C_3,8,57108328,57108428,2,0,PLAG1,-
M14-TPDR-p1C_3,8,99748352,99748452,2,0,STK3,+
M14-TPDR-p1C_3,9,8878822,8878922,3,0,PTPRD,-
M14-TPDR-p1C_3,9,34024312,34024412,3,0,UBAP2,+
M14-TPDR-p1C_3,9,115285859,115285959,2,0,KIAA1958,+
M14-TPDR-p1C_3,X,72815652,72815752,3,0,CHIC1,-
M14-TPDR-p1C_3,X,117162577,117162677,4,0,KLHL13,-
M14-TPDR-p1C_3,1,38379657,38379757,0,2,INPP5B,+
M14-TPDR-p1C_3,1,207814107,207814207,0,2,CR1,-
M14-TPDR-p1C_3,1,224020995,224021095,0,2,TP53BP2,-
M14-TPDR-p1C_3,1,240395812,240395912,0,3,FMN2,+
M14-TPDR-p1C_3,11,38926150,38926250,0,2,-,+
M14-TPDR-p1C_3,11,62170716,62170816,0,2,-,-
M14-TPDR-p1C_3,11,88764011,88764111,0,2,GRM5,+
M14-TPDR-p1C_3,12,63624215,63624315,0,2,-,+
M14-TPDR-p1C_3,12,75850032,75850132,0,2,-,-
M14-TPDR-p1C_3,12,93658415,93658515,0,2,snoU13.40,-
M14-TPDR-p1C_3,12,104221410,104221510,0,2,NT5DC3,+
M14-TPDR-p1C_3,13,46197837,46197937,0,2,-,+
M14-TPDR-p1C_3,13,53403003,53403103,0,2,-,+
M14-TPDR-p1C_3,13,67722363,67722463,0,3,PCDH9,+
M14-TPDR-p1C_3,15,54340070,54340170,0,2,UNC13C,+
M14-TPDR-p1C_3,15,86215902,86216002,0,2,AKAP13,-
M14-TPDR-p1C_3,17,51152879,51152979,0,2,-,-
M14-TPDR-p1C_3,17,53461904,53462004,0,3,-,-
M14-TPDR-p1C_3,18,22812089,22812189,0,3,ZNF521,-
M14-TPDR-p1C_3,18,46479258,46479358,0,2,-,-
M14-TPDR-p1C_3,19,40257088,40257188,0,2,-,-
M14-TPDR-p1C_3,2,37941153,37941253,0,3,CDC42EP3,-
M14-TPDR-p1C_3,2,64867889,64867989,0,2,SERTAD2,+
M14-TPDR-p1C_3,2,86601106,86601206,0,3,-,+
M14-TPDR-p1C_3,2,135953106,135953206,0,2,ZRANB3,-
M14-TPDR-p1C_3,2,158248983,158249083,0,4,-,-
M14-TPDR-p1C_3,2,165848946,165849046,0,2,AC013463.2,+
M14-TPDR-p1C_3,2,173725817,173725917,0,2,RAPGEF4,+
M14-TPDR-p1C_3,2,202334275,202334375,0,2,STRADB,-
M14-TPDR-p1C_3,2,210767060,210767160,0,3,UNC80,+
M14-TPDR-p1C_3,2,217235575,217235675,0,2,Mar-04,+
M14-TPDR-p1C_3,2,227200444,227200544,0,2,-,+
M14-TPDR-p1C_3,20,60756676,60756776,0,3,SS18L1,+
M14-TPDR-p1C_3,22,31173429,31173529,0,3,MTMR3,+
M14-TPDR-p1C_3,22,31173429,31173529,0,3,OSBP2,+
M14-TPDR-p1C_3,3,88675835,88675935,0,2,-,+
M14-TPDR-p1C_3,3,174163440,174163540,0,2,NAALADL2,-
M14-TPDR-p1C_3,4,148393536,148393636,0,3,-,+
M14-TPDR-p1C_3,4,168473708,168473808,0,2,-,+
M14-TPDR-p1C_3,5,54131508,54131608,0,2,AC112198.1,-
M14-TPDR-p1C_3,5,145105247,145105347,0,2,PRELID2,+
M14-TPDR-p1C_3,6,23357256,23357356,0,2,-,+
M14-TPDR-p1C_3,6,34665121,34665221,0,2,C6orf106,-
M14-TPDR-p1C_3,6,44461813,44461913,0,4,-,+
M14-TPDR-p1C_3,7,56126588,56126688,0,3,CCT6A,-
M14-TPDR-p1C_3,7,103174517,103174617,0,2,RELN,+
M14-TPDR-p1C_3,7,117269599,117269699,0,2,CFTR,-
M14-TPDR-p1C_3,7,117269599,117269699,0,2,AC000111.6,-
M14-TPDR-p1C_3,7,128305039,128305139,0,2,-,+
M14-TPDR-p1C_3,7,129610222,129610322,0,4,-,+
M14-TPDR-p1C_3,7,144145255,144145355,0,2,-,-
M14-TPDR-p1C_3,8,18713987,18714087,0,2,PSD3,-
M14-TPDR-p1C_3,8,64108942,64109042,0,2,YTHDF3,+
M14-TPDR-p1C_3,8,81841438,81841538,0,3,AC012533.1,-
M14-TPDR-p1C_3,8,109493184,109493284,0,6,TTC35,+
M14-TPDR-p1C_3,9,101957791,101957891,0,2,-,+
M14-TPDR-p1C_3,X,44788848,44788948,0,2,KDM6A,-
M14-TPDR-p1C_3,X,117162591,117162691,0,2,KLHL13,-
M14-TPDR-P2A_3,1,52142929,52143029,2,0,OSBPL9,-
M14-TPDR-P2A_3,1,65675196,65675296,3,0,AK4,-
M14-TPDR-P2A_3,1,101939554,101939654,4,0,-,-
M14-TPDR-P2A_3,1,192989895,192989995,2,0,UCHL5,+
M14-TPDR-P2A_3,1,208050513,208050613,2,0,RP11-328D5.1,-
M14-TPDR-P2A_3,1,227467075,227467175,2,0,CDC42BPA,+
M14-TPDR-P2A_3,1,238579218,238579318,2,0,-,-
M14-TPDR-P2A_3,10,29942855,29942955,2,0,SVIL,-
M14-TPDR-P2A_3,10,29942855,29942955,2,0,AL360172.1,-
M14-TPDR-P2A_3,10,35738935,35739035,2,0,CCNY,-
M14-TPDR-P2A_3,10,47069441,47069541,2,0,XXyac-YR14BB7.1,-
M14-TPDR-P2A_3,10,55303646,55303746,3,0,-,+
M14-TPDR-P2A_3,10,96309171,96309271,2,0,HELLS,+
M14-TPDR-P2A_3,10,104929808,104929908,2,0,NT5C2,-
M14-TPDR-P2A_3,11,88893020,88893120,2,0,-,+
M14-TPDR-P2A_3,12,4521403,4521503,2,0,-,+
M14-TPDR-P2A_3,12,10294014,10294114,2,0,-,+
M14-TPDR-P2A_3,12,19359333,19359433,3,0,PLEKHA5,-
M14-TPDR-P2A_3,12,24243829,24243929,4,0,-,-
M14-TPDR-P2A_3,12,38396977,38397077,2,0,-,+
M14-TPDR-P2A_3,12,106682162,106682262,2,0,-,-
M14-TPDR-P2A_3,12,118746096,118746196,2,0,TAOK3,+
M14-TPDR-P2A_3,13,25898805,25898905,2,0,NUPL1,+
M14-TPDR-P2A_3,14,43500927,43501027,2,0,-,+
M14-TPDR-P2A_3,14,67332599,67332699,4,0,GPHN,-
M14-TPDR-P2A_3,14,78004569,78004669,2,0,SPTLC2,-
M14-TPDR-P2A_3,14,89295563,89295663,3,0,TTC8,-
M14-TPDR-P2A_3,15,55560482,55560582,3,0,RAB27A,+
M14-TPDR-P2A_3,16,8299341,8299441,2,0,-,+
M14-TPDR-P2A_3,16,50340731,50340831,2,0,ADCY7,+
M14-TPDR-P2A_3,16,53699424,53699524,2,0,RPGRIP1L,+
M14-TPDR-P2A_3,17,74572685,74572785,2,0,ST6GALNAC2,+
M14-TPDR-P2A_3,18,10856372,10856472,3,0,AP005117.1,-
M14-TPDR-P2A_3,19,34284919,34285019,2,0,-,-
M14-TPDR-P2A_3,2,9796708,9796808,2,0,-,-
M14-TPDR-P2A_3,2,84754035,84754135,2,0,DNAH6,+
M14-TPDR-P2A_3,2,86426871,86426971,3,0,MRPL35,+
M14-TPDR-P2A_3,2,110914455,110914555,2,0,NPHP1,-
M14-TPDR-P2A_3,2,163105133,163105233,2,0,-,+
M14-TPDR-P2A_3,2,225901286,225901386,2,0,DOCK10,+
M14-TPDR-P2A_3,21,22340528,22340628,2,0,-,-
M14-TPDR-P2A_3,21,30138699,30138799,2,0,-,+
M14-TPDR-P2A_3,22,41123572,41123672,2,0,Z86090.1,+
M14-TPDR-P2A_3,22,49932575,49932675,2,0,C22orf34,-
M14-TPDR-P2A_3,3,20132444,20132544,2,0,KAT2B,-
M14-TPDR-P2A_3,3,99408801,99408901,3,0,COL8A1,+
M14-TPDR-P2A_3,3,122251694,122251794,2,0,PARP9,+
M14-TPDR-P2A_3,3,127533409,127533509,2,0,MGLL,-
M14-TPDR-P2A_3,3,149210443,149210543,3,0,TM4SF4,-
M14-TPDR-P2A_3,4,55101371,55101471,4,0,FIP1L1,+
M14-TPDR-P2A_3,4,55101371,55101471,4,0,PDGFRA,+
M14-TPDR-P2A_3,4,169823143,169823243,2,0,PALLD,-
M14-TPDR-P2A_3,4,169823143,169823243,2,0,CBR4,-
M14-TPDR-P2A_3,5,116658524,116658624,2,0,-,-
M14-TPDR-P2A_3,5,142267949,142268049,2,0,ARHGAP26,+
M14-TPDR-P2A_3,6,13012325,13012425,2,0,PHACTR1,-
M14-TPDR-P2A_3,6,147665368,147665468,3,0,STXBP5,+
M14-TPDR-P2A_3,7,27799683,27799783,3,0,TAX1BP1,+
M14-TPDR-P2A_3,7,42075897,42075997,3,0,GLI3,-
M14-TPDR-P2A_3,7,93555461,93555561,2,0,GNG11,+
M14-TPDR-P2A_3,7,102913445,102913545,3,0,DPY19L2P2,-
M14-TPDR-P2A_3,7,107061119,107061219,4,0,COG5,+
M14-TPDR-P2A_3,7,123389503,123389603,3,0,WASL,-
M14-TPDR-P2A_3,7,125226637,125226737,2,0,-,-
M14-TPDR-P2A_3,8,97940614,97940714,2,0,AC010859.1,-
M14-TPDR-P2A_3,9,97971770,97971870,2,0,FANCC,-
M14-TPDR-P2A_3,9,101869667,101869767,2,0,TGFBR1,-
M14-TPDR-P2A_3,X,13906052,13906152,2,0,GPM6B,-
M14-TPDR-P2A_3,X,41742453,41742553,4,0,CASK,-
M14-TPDR-P2A_3,X,54752937,54753037,2,0,-,+
M14-TPDR-P2A_3,X,84128000,84128100,2,0,-,-
M14-TPDR-P2A_3,X,126998488,126998588,2,0,-,+
M14-TPDR-P2A_3,X,136364708,136364808,2,0,-,+
M14-TPDR-P2A_3,1,7324063,7324163,0,2,CAMTA1,+
M14-TPDR-P2A_3,1,7324063,7324163,0,2,Z97987.1,+
M14-TPDR-P2A_3,1,46530348,46530448,0,2,PIK3R3,-
M14-TPDR-P2A_3,1,188976720,188976820,0,2,RP11-373J16.1,-
M14-TPDR-P2A_3,10,29575401,29575501,0,2,-,+
M14-TPDR-P2A_3,10,36330602,36330702,0,2,-,+
M14-TPDR-P2A_3,10,81927981,81928081,0,2,ANXA11,+
M14-TPDR-P2A_3,10,126463301,126463401,0,3,FAM53B,+
M14-TPDR-P2A_3,10,126463301,126463401,0,3,METTL10,+
M14-TPDR-P2A_3,11,95317431,95317531,0,2,-,-
M14-TPDR-P2A_3,11,108160235,108160335,0,2,ATM,+
M14-TPDR-P2A_3,12,23811152,23811252,0,2,SOX5,-
M14-TPDR-P2A_3,12,121752993,121753093,0,2,ANAPC5,-
M14-TPDR-P2A_3,12,132223160,132223260,0,2,SFSWAP,-
M14-TPDR-P2A_3,14,46156652,46156752,0,3,-,-
M14-TPDR-P2A_3,14,67616558,67616658,0,2,GPHN,+
M14-TPDR-P2A_3,15,86005333,86005433,0,2,AKAP13,-
M14-TPDR-P2A_3,16,13213520,13213620,0,4,SHISA9,+
M14-TPDR-P2A_3,16,76555419,76555519,0,2,CNTNAP4,+
M14-TPDR-P2A_3,17,40660117,40660217,0,2,ATP6V0A1,+
M14-TPDR-P2A_3,17,47358284,47358384,0,2,-,+
M14-TPDR-P2A_3,17,58306651,58306751,0,2,USP32,+
M14-TPDR-P2A_3,19,51306843,51306943,0,3,C19orf48,+
M14-TPDR-P2A_3,2,18944009,18944109,0,2,-,-
M14-TPDR-P2A_3,2,90416828,90416928,0,2,-,+
M14-TPDR-P2A_3,2,106575527,106575627,0,2,AC009505.4,+
M14-TPDR-P2A_3,2,156548420,156548520,0,2,-,-
M14-TPDR-P2A_3,2,208978968,208979068,0,3,-,-
M14-TPDR-P2A_3,2,229032250,229032350,0,3,SPHKAP,+
M14-TPDR-P2A_3,2,236948544,236948644,0,2,AGAP1,+
M14-TPDR-P2A_3,20,44994006,44994106,0,2,SLC35C2,-
M14-TPDR-P2A_3,20,44994006,44994106,0,2,ELMO2,-
M14-TPDR-P2A_3,21,30138983,30139083,0,3,-,+
M14-TPDR-P2A_3,22,41123739,41123839,0,2,Z86090.1,+
M14-TPDR-P2A_3,3,29544390,29544490,0,2,RBMS3,-
M14-TPDR-P2A_3,3,69596729,69596829,0,2,-,+
M14-TPDR-P2A_3,3,77759344,77759444,0,3,-,+
M14-TPDR-P2A_3,3,113048830,113048930,0,2,WDR52,+
M14-TPDR-P2A_3,4,965846,965946,0,2,DGKQ,+
M14-TPDR-P2A_3,4,55101384,55101484,0,3,FIP1L1,+
M14-TPDR-P2A_3,4,55101384,55101484,0,3,PDGFRA,+
M14-TPDR-P2A_3,4,95096052,95096152,0,2,RP11-363G15.2,-
M14-TPDR-P2A_3,4,114684290,114684390,0,2,-,+
M14-TPDR-P2A_3,5,21222389,21222489,0,2,-,+
M14-TPDR-P2A_3,5,30741548,30741648,0,3,-,+
M14-TPDR-P2A_3,5,146736225,146736325,0,2,STK32A,+
M14-TPDR-P2A_3,5,159843606,159843706,0,2,SLU7,+
M14-TPDR-P2A_3,6,102050349,102050449,0,2,GRIK2,+
M14-TPDR-P2A_3,6,135342117,135342217,0,2,HBS1L,+
M14-TPDR-P2A_3,7,66676130,66676230,0,2,TYW1,+
M14-TPDR-P2A_3,7,77327937,77328037,0,2,RSBN1L,-
M14-TPDR-P2A_3,7,93555486,93555586,0,2,GNG11,+
M14-TPDR-P2A_3,7,93848433,93848533,0,3,-,-
M14-TPDR-P2A_3,7,103214988,103215088,0,2,RELN,+
M14-TPDR-P2A_3,7,130576301,130576401,0,2,AC016831.7,+
M14-TPDR-P2A_3,7,130576301,130576401,0,2,AC058791.1,+
M14-TPDR-P2A_3,9,128032000,128032100,0,2,GAPVD1,-
M14-TPDR-P2A_3,X,13912837,13912937,0,4,GPM6B,-
M14-TPDR-P2A_3,X,138466404,138466504,0,2,-,-
